{"cameraMode":{"drawMode":0,"name":"Shaded","section":"Shading Mode"},"sceneLighting":false,"audioPlay":false,"sceneViewState":{"showFog":true,"showMaterialUpdate":false,"showSkybox":true,"showFlares":true,"showImageEffects":true,"showParticleSystems":true},"in2DMode":false,"pivot":{"x":-11.952108383178711,"y":0.05888965725898743,"z":-7.113156795501709},"rotation":{"x":-0.5741234421730042,"y":0.03852565214037895,"z":-0.027062172070145608,"w":-0.8174176812171936},"size":6.081613540649414,"orthographic":false}