{"cameraMode":{"drawMode":0,"name":"Shaded","section":"Shading Mode"},"sceneLighting":false,"audioPlay":false,"sceneViewState":{"showFog":true,"showMaterialUpdate":false,"showSkybox":true,"showFlares":true,"showImageEffects":true,"showParticleSystems":true},"in2DMode":false,"pivot":{"x":-0.6085481643676758,"y":2.81435489654541,"z":0.15710878372192384},"rotation":{"x":0.01969441957771778,"y":0.9810531735420227,"z":-0.1334858536720276,"w":0.1406947523355484},"size":19.521385192871095,"orthographic":false}