{"cameraMode":{"drawMode":0,"name":"Shaded","section":"Shading Mode"},"sceneLighting":false,"audioPlay":false,"sceneViewState":{"showFog":true,"showMaterialUpdate":false,"showSkybox":true,"showFlares":true,"showImageEffects":true,"showParticleSystems":true},"in2DMode":false,"pivot":{"x":-88.65654754638672,"y":0.5198919773101807,"z":-25.01929473876953},"rotation":{"x":-0.3664282262325287,"y":-0.47213780879974368,"z":0.22471749782562257,"w":-0.769657552242279},"size":14.351731300354004,"orthographic":false}