{"cameraMode":{"drawMode":0,"name":"Shaded","section":"Shading Mode"},"sceneLighting":false,"audioPlay":false,"sceneViewState":{"showFog":true,"showMaterialUpdate":false,"showSkybox":true,"showFlares":true,"showImageEffects":true,"showParticleSystems":true},"in2DMode":false,"pivot":{"x":636.1010131835938,"y":13.420047760009766,"z":258.6162414550781},"rotation":{"x":0.01359748374670744,"y":-0.9603211283683777,"z":0.04757499322295189,"w":0.2744789719581604},"size":26.706623077392579,"orthographic":false}