{"cameraMode":{"drawMode":0,"name":"Shaded","section":"Shading Mode"},"sceneLighting":true,"audioPlay":false,"sceneViewState":{"showFog":true,"showMaterialUpdate":false,"showSkybox":true,"showFlares":true,"showImageEffects":true,"showParticleSystems":true},"in2DMode":false,"pivot":{"x":589.2681884765625,"y":-7.324607849121094,"z":296.56817626953127},"rotation":{"x":-0.3180941045284271,"y":0.42915236949920657,"z":-0.16463378071784974,"w":-0.8291842341423035},"size":165.30093383789063,"orthographic":false}