{"cameraMode":{"drawMode":0,"name":"Shaded","section":"Shading Mode"},"sceneLighting":false,"audioPlay":false,"sceneViewState":{"showFog":true,"showMaterialUpdate":false,"showSkybox":true,"showFlares":true,"showImageEffects":true,"showParticleSystems":true},"in2DMode":false,"pivot":{"x":604.9022827148438,"y":4.907916069030762,"z":211.32437133789063},"rotation":{"x":-0.053216055035591128,"y":0.9463594555854797,"z":-0.23943862318992616,"w":-0.21033187210559846},"size":16.862060546875,"orthographic":false}