{"cameraMode":{"drawMode":0,"name":"Shaded","section":"Shading Mode"},"sceneLighting":false,"audioPlay":false,"sceneViewState":{"showFog":true,"showMaterialUpdate":false,"showSkybox":true,"showFlares":true,"showImageEffects":true,"showParticleSystems":true},"in2DMode":false,"pivot":{"x":0.6100000739097595,"y":-0.49000000953674319,"z":-0.25999999046325686},"rotation":{"x":-0.516343891620636,"y":-0.17165109515190125,"z":0.10649780184030533,"w":-0.8322277665138245},"size":16.09869384765625,"orthographic":false}