{"cameraMode":{"drawMode":0,"name":"Shaded","section":"Shading Mode"},"sceneLighting":false,"audioPlay":false,"sceneViewState":{"showFog":true,"showMaterialUpdate":false,"showSkybox":true,"showFlares":true,"showImageEffects":true,"showParticleSystems":true},"in2DMode":false,"pivot":{"x":-728.8818359375,"y":244.66281127929688,"z":56.61383056640625},"rotation":{"x":0.09539800137281418,"y":-0.8912368416786194,"z":0.22122691571712495,"w":0.3842962086200714},"size":4337.7666015625,"orthographic":false}