{"cameraMode":{"drawMode":0,"name":"Shaded","section":"Shading Mode"},"sceneLighting":false,"audioPlay":false,"sceneViewState":{"showFog":true,"showMaterialUpdate":false,"showSkybox":true,"showFlares":true,"showImageEffects":true,"showParticleSystems":true},"in2DMode":false,"pivot":{"x":589.6150512695313,"y":-168.55616760253907,"z":406.9430847167969},"rotation":{"x":-0.33382648229599,"y":0.09920002520084381,"z":-0.035765647888183597,"w":-0.9369480609893799},"size":314.0925598144531,"orthographic":false}