{"cameraMode":{"drawMode":0,"name":"Shaded","section":"Shading Mode"},"sceneLighting":false,"audioPlay":false,"sceneViewState":{"showFog":true,"showMaterialUpdate":false,"showSkybox":true,"showFlares":true,"showImageEffects":true,"showParticleSystems":true},"in2DMode":false,"pivot":{"x":-0.0010638236999511719,"y":-1.682807445526123,"z":-0.1474306583404541},"rotation":{"x":-0.4638855457305908,"y":-0.19374409317970277,"z":0.1040772795677185,"w":-0.858436107635498},"size":12.181183815002442,"orthographic":false}