{"cameraMode":{"drawMode":0,"name":"Shaded","section":"Shading Mode"},"sceneLighting":false,"audioPlay":false,"sceneViewState":{"showFog":true,"showMaterialUpdate":false,"showSkybox":true,"showFlares":true,"showImageEffects":true,"showParticleSystems":true},"in2DMode":false,"pivot":{"x":-0.015192508697509766,"y":2.212200164794922,"z":0.4172220230102539},"rotation":{"x":-0.33382648229599,"y":0.09920002520084381,"z":-0.035765647888183597,"w":-0.9369480609893799},"size":24.872331619262697,"orthographic":false}