{"cameraMode":{"drawMode":0,"name":"Shaded","section":"Shading Mode"},"sceneLighting":false,"audioPlay":false,"sceneViewState":{"showFog":true,"showMaterialUpdate":false,"showSkybox":true,"showFlares":true,"showImageEffects":true,"showParticleSystems":true},"in2DMode":false,"pivot":{"x":-3.861135482788086,"y":5.022750377655029,"z":3.0016021728515627},"rotation":{"x":-0.4971488416194916,"y":0.42101016640663149,"z":-0.30044546723365786,"w":-0.6966584920883179},"size":127.10477447509766,"orthographic":false}