{"cameraMode":{"drawMode":0,"name":"Shaded","section":"Shading Mode"},"sceneLighting":false,"audioPlay":false,"sceneViewState":{"showFog":true,"showMaterialUpdate":false,"showSkybox":true,"showFlares":true,"showImageEffects":true,"showParticleSystems":true},"in2DMode":false,"pivot":{"x":0.0,"y":0.0000021457672119140626,"z":-0.000002384185791015625},"rotation":{"x":-0.5949366688728333,"y":-0.09559758752584458,"z":0.07107581943273545,"w":-0.7951493263244629},"size":27.295339584350587,"orthographic":false}