{"cameraMode":{"drawMode":0,"name":"Shaded","section":"Shading Mode"},"sceneLighting":false,"audioPlay":false,"sceneViewState":{"showFog":true,"showMaterialUpdate":false,"showSkybox":true,"showFlares":true,"showImageEffects":true,"showParticleSystems":true},"in2DMode":false,"pivot":{"x":75.86270141601563,"y":-21.1722412109375,"z":-252.7568359375},"rotation":{"x":0.04760193079710007,"y":-0.9376265406608582,"z":0.3136449456214905,"w":0.1422889679670334},"size":1575.216796875,"orthographic":false}