{"cameraMode":{"drawMode":0,"name":"Shaded","section":"Shading Mode"},"sceneLighting":false,"audioPlay":false,"sceneViewState":{"showFog":true,"showMaterialUpdate":false,"showSkybox":true,"showFlares":true,"showImageEffects":true,"showParticleSystems":true},"in2DMode":false,"pivot":{"x":610.5731811523438,"y":10.842442512512207,"z":266.3697509765625},"rotation":{"x":-0.0010398547165095807,"y":-0.720759928226471,"z":-0.0010810024105012417,"w":0.6931836009025574},"size":18.97174835205078,"orthographic":false}