{"cameraMode":{"drawMode":0,"name":"Shaded","section":"Shading Mode"},"sceneLighting":true,"audioPlay":false,"sceneViewState":{"showFog":true,"showMaterialUpdate":false,"showSkybox":true,"showFlares":true,"showImageEffects":true,"showParticleSystems":true},"in2DMode":false,"pivot":{"x":-3.0445964336395265,"y":-0.9837517738342285,"z":-13.121530532836914},"rotation":{"x":0.06512124091386795,"y":-0.8899521827697754,"z":0.13450318574905396,"w":0.43088194727897646},"size":63.0834846496582,"orthographic":false}